<?xml version="1.0" encoding="windows-1252"?>
<Collection name="Organization Merge Tool" guid="{82514B94-00A6-4BE0-A029-B0DD686CDCC6}" system="No" updatable="Yes" blockNavigatorNode="No">
	<HelpLink></HelpLink>
	<Help></Help>
	<Addon name="Organization Merge Tool" guid="{0F065499-925F-4BDB-9FF9-5B31ED6CE467}" type="Tool">
		<Copy></Copy>
		<CopyText></CopyText>
		<ActiveXProgramID></ActiveXProgramID>
		<DotNetClass><![CDATA[Contensive.Addons.aoOrganizationMergeTool.formFrameClass]]></DotNetClass>
		<ArgumentList></ArgumentList>
		<AsAjax>No</AsAjax>
		<Filter>No</Filter>
		<Help></Help>
		<HelpLink></HelpLink>
		<Icon Link="" width="0" height="0" sprites="0" />
		<InIframe>No</InIframe>
		<BlockEditTools>No</BlockEditTools>
		<FormXML></FormXML>
		<IncludeAddon name="JQuery" guid="{9C882078-0DAC-48E3-AD4B-CF2AA230DF80}"/>
		<IsInline>No</IsInline>
		<JavascriptOnLoad></JavascriptOnLoad>
		<JavascriptInHead><![CDATA[jQuery( document ).ready(function() {
	bindEvents();
});

jQuery( document ).ajaxComplete(function() {
	bindEvents();
});

var bindEvents = function(){
	//
	// ************
    // Setting Form
	// ************
	//
	jQuery( ".ccContentCon #js-saveSetting" ).click(function(event) {
		event.preventDefault();
		event.stopPropagation();
		cj.remote({
		'method':'organizationMergeToolHandler'
		,'formId':'mfaSetting'
		,'destinationId':'multiFormAjaxFrame'
		,'queryString':'button=Save'
		});		
		console.log('save');
	});	
	//
	jQuery( ".ccContentCon #js-backSetting" ).click(function(event) {
		event.preventDefault();
		event.stopPropagation();
		cj.remote({
		'method':'organizationMergeToolHandler'
		,'formId':'mfaSetting'
		,'destinationId':'multiFormAjaxFrame'
		,'queryString':'button=Back'
		});		
		console.log('back');
	});	
	//
	// *****************************
    // Form 1 - Select Organizations
	// *****************************
	//
	jQuery( ".ccContentCon #js-settingsForm1" ).click(function(event) {
		event.preventDefault();
		event.stopPropagation();
		cj.remote({
		'method':'organizationMergeToolHandler'
		,'formId':'mfaForm1'
		,'destinationId':'multiFormAjaxFrame'
		,'queryString':'button=Settings'
		});
		console.log('Back');
	});	
	//
	jQuery( ".ccContentCon #js-nextForm1" ).click(function(event) {
		event.preventDefault();
		event.stopPropagation();
		var existError =  false;		
		var mainOrgId = jQuery( "#js-mainOrgID" ).val();
		var duplicateOrgID = jQuery( "#js-duplicateOrgID" ).val();
		//
		if (!existError){
			if (!(mainOrgId)) {
				existError =  true;
				alert('Error: Please select main Organization.');
			}
		}
		if (!existError){
			if (!(duplicateOrgID)) {
				existError =  true;
				alert('Error: Please select duplicate Organization.');
			}
		}
		if (!existError){
			if (mainOrgId==duplicateOrgID) {
				existError =  true;
				alert('Error: Is the same organization.');
			}
		}
		if (!existError){
			console.log('Go Next');
			cj.remote({
			'method':'organizationMergeToolHandler'
			,'formId':'mfaForm1'
			,'destinationId':'multiFormAjaxFrame'
			,'queryString':'button=Next'
			});
		}
	});	
	//
	// *********************************
    // Form 2 - Process field selection
	// *********************************
	//
	jQuery( ".ccContentCon #js-backForm2" ).click(function(event) {
		event.preventDefault();
		event.stopPropagation();
		cj.remote({
		'method':'organizationMergeToolHandler'
		,'formId':'mfaForm2'
		,'destinationId':'multiFormAjaxFrame'
		,'queryString':'button=Back'
		});
		console.log('Back');
	});	
	//
	jQuery( ".ccContentCon #js-processForm2" ).click(function(event) {
		event.preventDefault();
		event.stopPropagation();
		cj.remote({
		'method':'organizationMergeToolHandler'
		,'formId':'mfaForm2'
		,'destinationId':'multiFormAjaxFrame'
		,'queryString':'button=Process'
		});
		console.log('Process');
	});	
	jQuery( ".actionSelectClass" ).change(function(e) {
		var $input = $( this );
		var elementId = $input.attr( "id" );
		var elementName = $input.attr( "name" );
		var id = $input.attr( "name" ).substring(7);
		var actionid = jQuery("#js-action-"+id).val();
		var result= "";
		
		switch(actionid) {
			case "1":
				result = jQuery("#js-dup-"+id).val();
				break;
			case "2":
				if(jQuery("#js-main-"+id).val()==""){
					result = jQuery("#js-dup-"+id).val();
				} else {
					result = jQuery("#js-main-"+id).val();
				}
				break;
			default:
				result = jQuery("#js-main-"+id).val();
		}		
		//
		jQuery("#js-text-"+id).val(result);
		//
	});	
	//
	// *********************************
    // Form 3 - Show Results
	// *********************************
	//
	jQuery( ".ccContentCon #js-okForm3" ).click(function(event) {
		event.preventDefault();
		event.stopPropagation();
		cj.remote({
		'method':'organizationMergeToolHandler'
		,'formId':'mfaForm3'
		,'destinationId':'multiFormAjaxFrame'
		,'queryString':'button=OK'
		});
		console.log('Back');
	});	
	//
};]]></JavascriptInHead>
		<JavascriptBodyEnd></JavascriptBodyEnd>
		<MetaDescription></MetaDescription>
		<OtherHeadTags></OtherHeadTags>
		<Content>No</Content>
		<Template>No</Template>
		<Email>No</Email>
		<Admin>No</Admin>
		<OnPageEndEvent>No</OnPageEndEvent>
		<OnPageStartEvent>No</OnPageStartEvent>
		<OnBodyStart>No</OnBodyStart>
		<OnBodyEnd>No</OnBodyEnd>
		<RemoteMethod>No</RemoteMethod>
		<ProcessRunOnce>No</ProcessRunOnce>
		<ProcessInterval>0</ProcessInterval>
		<PageTitle></PageTitle>
		<RemoteAssetLink></RemoteAssetLink>
		<Styles><![CDATA[.box {
    background-color: white;
    margin: 50px 100px;
    /* width: auto; */
    padding: 20px 30px;
}
.bold {
    font-weight: bold;
}
.button {
    padding-top: 10px;
    padding-bottom: 10px;
    padding-left: 20px;
    padding-right: 20px;
    margin: 10px;
}

tr:nth-child(even) {
    background-color: #eee;
}
tr:nth-child(odd) {
    background-color: #fff;
}
th {
    color: white;
    background-color: black;
    text-align:center;
}
.orgName {
    text-align:center;
    font-weight: bold;
    color: red;
}]]></Styles>
		<Scripting Language="" EntryPoint="" Timeout="5000"/>
	</Addon>
	<Addon name="organizationMergeToolHandler" guid="{9AC4A614-0D97-42F7-B969-1D018C7B6165}" type="Add-on">
		<Copy></Copy>
		<CopyText></CopyText>
		<ActiveXProgramID></ActiveXProgramID>
		<DotNetClass><![CDATA[Contensive.Addons.aoOrganizationMergeTool.formHandlerClass]]></DotNetClass>
		<ArgumentList></ArgumentList>
		<AsAjax>No</AsAjax>
		<Filter>No</Filter>
		<Help></Help>
		<HelpLink></HelpLink>
		<Icon Link="" width="0" height="0" sprites="0" />
		<InIframe>No</InIframe>
		<BlockEditTools>No</BlockEditTools>
		<FormXML></FormXML>
		<IsInline>No</IsInline>
		<JavascriptOnLoad></JavascriptOnLoad>
		<JavascriptInHead></JavascriptInHead>
		<JavascriptBodyEnd></JavascriptBodyEnd>
		<MetaDescription></MetaDescription>
		<OtherHeadTags></OtherHeadTags>
		<Content>No</Content>
		<Template>No</Template>
		<Email>No</Email>
		<Admin>No</Admin>
		<OnPageEndEvent>No</OnPageEndEvent>
		<OnPageStartEvent>No</OnPageStartEvent>
		<OnBodyStart>No</OnBodyStart>
		<OnBodyEnd>No</OnBodyEnd>
		<RemoteMethod>No</RemoteMethod>
		<ProcessRunOnce>No</ProcessRunOnce>
		<ProcessInterval>0</ProcessInterval>
		<PageTitle></PageTitle>
		<RemoteAssetLink></RemoteAssetLink>
		<Styles></Styles>
		<Scripting Language="" EntryPoint="" Timeout="5000"/>
	</Addon>
</Collection>